date,price,volume,market_cap
2025-10-08 08:17:34.195713,102435.08721890832,4297566697.310638,1811243459250.009
2025-10-09 08:17:34.195713,103485.56749884738,1472907005.7839403,1887298488700.8184
2025-10-10 08:17:34.195713,103547.67039207551,4480990128.696159,1938064215631.099
2025-10-11 08:17:34.195713,96603.93411250741,2115316188.8003886,1809291753865.9966
2025-10-12 08:17:34.195713,102127.62884046759,2458124910.7402816,1900850545286.9277
2025-10-13 08:17:34.195713,99419.82298539701,2501770569.421382,1866301259999.2256
2025-10-14 08:17:34.195713,95005.44584640957,2813925741.8353004,1913932334749.5547
2025-10-15 08:17:34.195713,99143.00250055018,2016454744.802611,1961281338701.6943
2025-10-16 08:17:34.195713,101309.74810826505,3672037738.901362,1992861926266.3418
2025-10-17 08:17:34.195713,102538.99360434983,4222623758.679555,1829539009562.7207
2025-10-18 08:17:34.195713,95789.15234535259,1355224218.574563,1956264054242.309
2025-10-19 08:17:34.195713,103349.45968295627,1046548003.0405571,1991118386390.0662
2025-10-20 08:17:34.195713,98119.04392994056,2144869489.4826965,1847067168749.6965
2025-10-21 08:17:34.195713,101616.67569612601,3228179462.738458,1949501412288.6052
2025-10-22 08:17:34.195713,101677.20225063732,1466236612.8696856,1984333881171.8547
2025-10-23 08:17:34.195713,98679.30903651088,3258171335.7337656,1992957927181.5657
2025-10-24 08:17:34.195713,104929.95392834558,1802966221.7095215,1902767433020.5513
2025-10-25 08:17:34.195713,97021.96225186296,3720808056.4114685,1903932627208.6392
2025-10-26 08:17:34.195713,100673.99205530735,1292934660.5613432,1886102913602.4258
2025-10-27 08:17:34.195713,95192.61625645433,1663754868.2769952,1880215587234.3953
2025-10-28 08:17:34.195713,95171.91760617326,2302885459.216262,1844045673748.331
2025-10-29 08:17:34.195713,97103.50319974005,2382934132.6635427,1885002106666.193
2025-10-30 08:17:34.195713,98224.82615829248,2643809703.474371,1979582898180.9353
2025-10-31 08:17:34.195713,102316.80049100543,1631846745.9455128,1854745698078.489
2025-11-01 08:17:34.195713,100206.343751809,1395067543.8265257,1841504413308.2656
2025-11-02 08:17:34.195713,95661.42424339446,2581159870.015229,1884041108269.7234
2025-11-03 08:17:34.195713,97485.33486882583,1499527977.4667335,1972005644735.6196
2025-11-04 08:17:34.195713,96302.72190829985,1780117192.475954,1956860265640.838
2025-11-05 08:17:34.195713,97272.32434972632,1812453122.9104085,1840354429047.919
2025-11-06 08:17:34.195713,98235.84019026044,4064501622.2749624,1884386326393.2932
2025-11-07 08:17:34.195713,98627.98891704172,4316453724.735571,1847383934677.6572
2025-11-08 08:17:34.195713,96731.3137152643,1225846544.1915941,1838667591696.67
2025-11-09 08:17:34.195713,96612.88023014923,3168205964.750487,1834870791702.5725
2025-11-10 08:17:34.195713,96474.74256721456,2910672331.872846,1941799615747.4912
2025-11-11 08:17:34.195713,104091.28817470348,1931213878.9121084,1854063793797.411
2025-11-12 08:17:34.195713,98968.67695872381,3171930049.005108,1822777286967.551
2025-11-13 08:17:34.195713,99559.52507082759,2547810910.635147,1866434735231.1353
2025-11-14 08:17:34.195713,99247.86894244436,2079185739.0420513,1894229001419.3115
2025-11-15 08:17:34.195713,101278.78098774383,4511959443.853279,1814397452299.3218
2025-11-16 08:17:34.195713,102318.02515361528,2550310486.4677553,1994925310404.9893
2025-11-17 08:17:34.195713,104532.35550248822,1832160263.0800364,1895239556834.1555
2025-11-18 08:17:34.195713,104341.60084192967,2206745107.8402176,1904629274292.9844
2025-11-19 08:17:34.195713,97959.8764311435,3197716606.3510847,1965100816181.0183
2025-11-20 08:17:34.195713,101602.78256131786,4650150364.072013,1967437311211.9705
2025-11-21 08:17:34.195713,99675.20808349017,4184426085.0129232,1920321564384.2402
2025-11-22 08:17:34.195713,98574.53609701656,3796143414.1379514,1933085587118.03
2025-11-23 08:17:34.195713,97526.34181347395,4965034829.059137,1962987756691.7563
2025-11-24 08:17:34.195713,101926.96567835697,2887450645.1335573,1856624888825.0984
2025-11-25 08:17:34.195713,97998.42144280195,4741423029.552883,1821471998691.005
2025-11-26 08:17:34.195713,102937.12222662925,3114086676.9055123,1981943398831.147
2025-11-27 08:17:34.195713,99023.20155795902,4592312756.938329,1833825306081.6208
2025-11-28 08:17:34.195713,97239.59860604673,1905836443.4857898,1903485875606.6553
2025-11-29 08:17:34.195713,99634.07257723484,1961253541.695132,1924057714525.0566
2025-11-30 08:17:34.195713,96311.60190221069,4928214043.821285,1946204132883.7188
2025-12-01 08:17:34.195713,104835.21780288348,4237051234.1317215,1947518966785.8257
2025-12-02 08:17:34.195713,103023.44079818761,2089154586.5140965,1885814105626.4321
2025-12-03 08:17:34.195713,95165.57441185741,1010170462.6764026,1869246761411.124
2025-12-04 08:17:34.195713,97973.87871929051,1923457662.6751184,1914424652644.5347
2025-12-05 08:17:34.195713,101951.80790688621,2525024610.749511,1822738498907.072
2025-12-06 08:17:34.195713,96398.08391326015,1183665024.9467402,1915453049265.5564
2025-12-07 08:17:34.195713,95760.84631365824,4969510920.962139,1869967708720.239
2025-12-08 08:17:34.195713,104240.43129052168,4427103228.992964,1824798774960.0605
2025-12-09 08:17:34.195713,95036.18824496923,3649506249.469142,1842055723656.5266
2025-12-10 08:17:34.195713,103499.97874197083,3506576218.8793206,1990981191987.163
2025-12-11 08:17:34.195713,101440.27899727569,3089390929.1477966,1899785848838.2078
2025-12-12 08:17:34.195713,95343.680902245,4305011954.013605,1901582565125.4443
2025-12-13 08:17:34.195713,103986.505540541,3418453197.3326554,1997490883257.7012
2025-12-14 08:17:34.195713,98567.0687650684,1394670438.8236034,1967235821669.713
2025-12-15 08:17:34.195713,102351.04385687302,2549377054.0452275,1944717240463.354
2025-12-16 08:17:34.195713,101284.56883246648,3452114406.792598,1832544158461.5679
2025-12-17 08:17:34.195713,104090.49243958433,4155769749.7620897,1886767837087.008
2025-12-18 08:17:34.195713,100172.86834338139,4603694277.07749,1853220508923.6724
2025-12-19 08:17:34.195713,100825.60256896951,1032927996.6194447,1842164694967.3184
2025-12-20 08:17:34.195713,96208.42008430409,2906734748.0917597,1862273455405.715
2025-12-21 08:17:34.195713,98028.34757116652,1946386208.2561927,1897833402319.7478
2025-12-22 08:17:34.195713,102614.4786317016,1845013074.9232128,1872061682617.265
2025-12-23 08:17:34.195713,96490.02474881902,2522294747.6234426,1843213593275.6492
2025-12-24 08:17:34.195713,104520.12657541427,4886906588.190315,1990410076277.124
2025-12-25 08:17:34.195713,96241.31607725134,2757606765.635442,1960239841349.4275
2025-12-26 08:17:34.195713,95170.62010067103,2283723154.4186277,1826668735583.8901
2025-12-27 08:17:34.195713,100863.66288704438,2384105253.555832,1842344320429.2605
2025-12-28 08:17:34.195713,101549.9228356586,1489422275.1662087,1826216203013.9587
2025-12-29 08:17:34.195713,98525.69156285189,1949654406.9243176,1870462543275.424
2025-12-30 08:17:34.195713,96432.19776096013,2392016996.262819,1887944508375.572
2025-12-31 08:17:34.195713,97432.3479225209,4386301811.136699,1850265381833.777
2026-01-01 08:17:34.195713,104713.94140662492,3065126910.7918715,1802013346374.7666
2026-01-02 08:17:34.195713,96330.95539932087,2465238689.315554,1971723248916.4517
2026-01-03 08:17:34.195713,102686.99958632924,4392835488.949409,1815623639803.0374
2026-01-04 08:17:34.195713,101482.2054818695,2831306346.1426163,1915116104598.3977
2026-01-05 08:17:34.195713,96583.70526420514,1365468104.4765635,1961894385447.0676
2026-01-06 08:17:34.195713,100409.69501416679,4978293701.475119,1904010475194.3584
2026-01-07 08:17:34.195713,104038.54683070527,1344749537.2910416,1934926027195.7268
2026-01-08 08:17:34.195713,104336.20030090885,4266600790.206779,1958280904564.5232
2026-01-09 08:17:34.195713,103924.59633494436,1781011028.8087437,1838636071475.5884
2026-01-10 08:17:34.195713,97186.98712785116,1299313788.160361,1976147488954.0266
2026-01-11 08:17:34.195713,95212.12356013045,4303397522.2976465,1856477777385.2556
2026-01-12 08:17:34.195713,101765.02230037341,4315484640.456626,1990295367831.0483
2026-01-13 08:17:34.195713,95170.48019220805,3054554168.950223,1909080533535.5737
2026-01-14 08:17:34.195713,99871.88582867204,4981789187.227509,1994818777403.3948
2026-01-15 08:17:34.195713,104175.99454710478,4024781173.650747,1907084578164.7861
2026-01-16 08:17:34.195713,101535.45758642352,2157037167.356077,1982605053231.762
2026-01-17 08:17:34.195713,97902.62354955054,2271773297.4230022,1984389245684.7852
2026-01-18 08:17:34.195713,99997.41347185764,3954559336.450369,1959000293918.9766
2026-01-19 08:17:34.195713,97510.44042370455,1607580106.130268,1900859564642.642
2026-01-20 08:17:34.195713,103716.14588308589,3637679536.1871676,1909292667541.917
2026-01-21 08:17:34.195713,95293.18326766518,4613325908.218787,1809733819612.4575
2026-01-22 08:17:34.195713,98394.92139578381,1786168291.7896643,1836239448934.1343
2026-01-23 08:17:34.195713,98072.07206126173,1487961437.544561,1977280811454.8691
2026-01-24 08:17:34.195713,98432.63716397868,2483017864.6823783,1871015208810.2024
2026-01-25 08:17:34.195713,97319.87852249517,1559136246.8499446,1875053763123.8296
2026-01-26 08:17:34.195713,99756.98341950311,3282633224.690824,1992560507510.7468
2026-01-27 08:17:34.195713,104764.0926126227,3753655645.8811555,1885465289493.4932
2026-01-28 08:17:34.195713,102522.8679766456,4854410433.736828,1846330776599.2358
2026-01-29 08:17:34.195713,98553.77740173734,4984421368.637144,1931505506446.105
2026-01-30 08:17:34.195713,102574.90911610825,3353139931.260835,1860420693979.9963
2026-01-31 08:17:34.195713,102307.60606511554,1746578922.7817473,1960344342491.2021
2026-02-01 08:17:34.195713,102011.58577620922,2553694759.8342996,1925526220298.6826
2026-02-02 08:17:34.195713,101580.82022355915,3034709020.9067926,1846540160056.7888
2026-02-03 08:17:34.195713,100852.11848981275,1501322353.064853,1956340341983.6091
2026-02-04 08:17:34.195713,104634.74156632372,1122593554.4881418,1887989912063.4272
2026-02-05 08:17:34.195713,99567.56974127133,1736786841.8663545,1826772865355.4797
2026-02-06 08:17:34.195713,99103.8143965093,1982531895.3853,1940587404313.6626
2026-02-07 08:17:34.195713,100617.61504881932,1988536621.2835534,1944726448156.5532
2026-02-08 08:17:34.195713,104244.5905211587,2058464254.1964808,1822220094701.7686
2026-02-09 08:17:34.195713,95970.89340804798,2674253045.199887,1863762412564.126
2026-02-10 08:17:34.195713,100044.09800034392,1884022221.4695234,1872784906407.6104
2026-02-11 08:17:34.195713,101786.43635836062,1565647512.4031472,1971349462359.8186
2026-02-12 08:17:34.195713,101163.90972336939,2297976757.029666,1852088522305.1345
2026-02-13 08:17:34.195713,102343.35277323108,4255118731.1780066,1966797601146.6106
2026-02-14 08:17:34.195713,96634.19844561987,1697140205.0620298,1919078554758.0703
2026-02-15 08:17:34.195713,102848.31130104365,3107998666.401698,1912248643616.652
2026-02-16 08:17:34.195713,103930.84578930066,2583782855.833061,1951869323142.129
2026-02-17 08:17:34.195713,104875.59581876943,3149838641.3014636,1986019980932.5273
2026-02-18 08:17:34.195713,96682.36030093508,2421270501.486951,1974355339245.6707
2026-02-19 08:17:34.195713,103187.20665420529,3688939265.531013,1803872979789.5984
2026-02-20 08:17:34.195713,98874.03763036143,1225097155.3519413,1806410581095.1475
2026-02-21 08:17:34.195713,97909.34159001797,1313418852.1365817,1828768029668.8
2026-02-22 08:17:34.195713,96232.18638958005,1314636601.750007,1969148357574.9744
2026-02-23 08:17:34.195713,95974.59236317629,1131366651.8536074,1916998929315.54
2026-02-24 08:17:34.195713,104658.82051421388,3053685624.068939,1976588823452.191
2026-02-25 08:17:34.195713,101697.38679538044,3159932740.82475,1829966002177.857
2026-02-26 08:17:34.195713,102488.98178510318,4832402827.350973,1871064895309.7764
2026-02-27 08:17:34.195713,97472.47641286295,3584506803.8930736,1981229142008.2988
2026-02-28 08:17:34.195713,95277.88239476904,2560160810.0013485,1994754406448.545
2026-03-01 08:17:34.195713,95071.36397301497,3524876151.7038913,1975386086241.9062
2026-03-02 08:17:34.195713,97223.47697099572,3566639572.2002788,1812001012940.8894
2026-03-03 08:17:34.195713,100991.09629651613,3485594984.018066,1805423949270.658
2026-03-04 08:17:34.195713,95325.0551614789,2543998649.572063,1912028358469.4434
2026-03-05 08:17:34.195713,95202.59755113967,3716311947.2568636,1859203661098.5393
2026-03-06 08:17:34.195713,98734.23689036054,2058934366.9734826,1970392235156.8079
2026-03-07 08:17:34.195713,101070.58775392358,2344996581.1084943,1969702699993.931
2026-03-08 08:17:34.195713,95909.9813329288,4723178357.661068,1899307224172.9504
2026-03-09 08:17:34.195713,99597.86994967816,4407192812.1692295,1874233670831.58
2026-03-10 08:17:34.195713,97763.22012858246,4498847149.445263,1888269970324.3223
2026-03-11 08:17:34.195713,98831.74696270275,4214972521.687958,1813759845673.921
2026-03-12 08:17:34.195713,97730.78791441696,3026280185.3253307,1911969305924.0513
2026-03-13 08:17:34.195713,95020.67699110258,4756275632.5869875,1893730497136.3672
2026-03-14 08:17:34.195713,103934.2269842814,4845566630.068577,1898097950221.2573
2026-03-15 08:17:34.195713,102332.93879902868,2054145629.5373826,1909572312364.0842
2026-03-16 08:17:34.195713,100510.34990524437,4299413415.295042,1937894602739.5806
2026-03-17 08:17:34.195713,103880.45620603526,3980429178.7415504,1851929568053.6204
2026-03-18 08:17:34.195713,104869.33651859334,1148567682.975628,1923119809746.1616
2026-03-19 08:17:34.195713,95322.14235276062,3926596937.6017027,1861436623521.4265
2026-03-20 08:17:34.195713,100334.59785206776,3327974253.353943,1845688742666.5105
2026-03-21 08:17:34.195713,103281.43079499254,3204970286.333569,1833410269522.822
2026-03-22 08:17:34.195713,103962.9287138934,1172772542.689675,1904299835715.4946
2026-03-23 08:17:34.195713,102492.48955009888,1930111699.4790459,1972699295748.2932
2026-03-24 08:17:34.195713,100151.38865037219,3118907338.911397,1877526244215.9905
2026-03-25 08:17:34.195713,102095.38581085051,3781212588.7166066,1985757777727.0093
2026-03-26 08:17:34.195713,101865.64415048997,2529163454.704592,1949219519784.412
2026-03-27 08:17:34.195713,98324.32395998845,3444524179.366427,1877657620192.6504
2026-03-28 08:17:34.195713,100781.53405744882,4144567071.8306336,1801051555421.7341
2026-03-29 08:17:34.195713,104638.89910608636,4105610431.3487306,1942167983090.0566
2026-03-30 08:17:34.195713,98616.90998557878,2894217237.6272593,1926699385138.0767
2026-03-31 08:17:34.195713,95997.82736008157,2472159937.1011944,1824214422890.516
2026-04-01 08:17:34.195713,102220.08810384029,2566714252.5714207,1856686523686.995
2026-04-02 08:17:34.195713,96896.53263218225,2023360385.9834201,1823455636156.2024
2026-04-03 08:17:34.195713,101057.39693464871,2782597496.495496,1995385888113.1597
2026-04-04 08:17:34.195713,95865.20910016313,4221447285.1071787,1850516210292.1257
2026-04-05 08:17:34.195713,97235.12004055476,1923653950.0029936,1816102687774.5867
2026-04-06 08:17:34.195713,95326.30801788333,2047922876.3119311,1985113611473.0527
2026-04-07 08:17:34.195713,99344.5131783615,1821512145.0144203,1864430534161.3557
2026-04-08 08:17:34.195713,100291.49535837771,2239135102.4832096,1865919393874.5498
2026-04-09 08:17:34.195713,100533.33713699448,3439839054.009342,1901485790716.9436
2026-04-10 08:17:34.195713,100579.97204762415,4840976905.718885,1947272129399.6567
2026-04-11 08:17:34.195713,95140.02731172908,4941774041.89843,1904122877621.365
2026-04-12 08:17:34.195713,102181.29517928156,1588587757.6009407,1967666017222.543
2026-04-13 08:17:34.195713,101767.53301476284,3300498896.7680187,1979240382586.4055
2026-04-14 08:17:34.195713,102234.03943294559,4787491696.299335,1942839191751.9465
2026-04-15 08:17:34.195713,98776.50680138498,2148249391.9238715,1877140100505.2852
2026-04-16 08:17:34.195713,95558.49171085155,3329379179.464782,1809721252808.838
2026-04-17 08:17:34.195713,99557.92361685216,3437308653.44384,1861308618717.4392
2026-04-18 08:17:34.195713,99295.30862558812,2392658742.8157067,1947787844781.3167
2026-04-19 08:17:34.195713,101447.66608505999,3049052017.8442364,1961202557407.5862
2026-04-20 08:17:34.195713,103994.44975219302,1055800378.8278234,1904078977842.673
2026-04-21 08:17:34.195713,102129.29024964284,1965718171.5387301,1973226346167.772
2026-04-22 08:17:34.195713,101702.35255802673,1825937253.866576,1962972714963.606
2026-04-23 08:17:34.195713,100690.8331097511,2686459771.637808,1933088663741.1873
2026-04-24 08:17:34.195713,101388.39339179487,3850946504.307127,1955268291627.3696
2026-04-25 08:17:34.195713,100264.99952844557,1372319749.1526623,1975172893521.391
2026-04-26 08:17:34.195713,99607.0526030935,2023751122.3510866,1829031355136.53
2026-04-27 08:17:34.195713,102766.42434595486,2193710792.8590183,1959706866541.687
2026-04-28 08:17:34.195713,99007.48454235378,3798926828.941881,1916502425053.0178
2026-04-29 08:17:34.195713,101294.12667899266,2774668624.06306,1997883247641.531
2026-04-30 08:17:34.195713,95116.99623629951,4118889974.846714,1857212094719.8442
2026-05-01 08:17:34.195713,97306.85789356282,2690686337.6090183,1905011760313.8574
2026-05-02 08:17:34.195713,103598.05497507924,2427896698.1565094,1854962266387.595
2026-05-03 08:17:34.195713,95628.84668141534,1699039276.3192239,1896957618494.937
2026-05-04 08:17:34.195713,99477.49162980256,4760148062.754239,1953332060806.6775
2026-05-05 08:17:34.195713,102707.92778307143,1093005610.6215584,1991133883947.6155
2026-05-06 08:17:34.195713,102948.0412776155,1194844396.1541488,1895074719077.2476
2026-05-07 08:17:34.195713,101515.90245564572,4598582201.110779,1904302765224.187
2026-05-08 08:17:34.195713,98382.88166410729,4911051726.2297535,1849643689703.157
2026-05-09 08:17:34.195713,99091.531244579,1318538373.0941706,1901481120961.6567
2026-05-10 08:17:34.195713,101996.84094623559,2986922856.3335724,1940085538289.6553
2026-05-11 08:17:34.195713,104453.10058744573,4516811667.356005,1803150393975.0098
2026-05-12 08:17:34.195713,95961.37045424103,1725963013.7668285,1827494941036.6345
2026-05-13 08:17:34.195713,101009.8748226848,4707741653.118902,1991097474828.4985
2026-05-14 08:17:34.195713,99944.64014863395,2488273310.5989003,1989100454572.9187
2026-05-15 08:17:34.195713,103448.62637443603,2348884172.925002,1927313960806.4045
2026-05-16 08:17:34.195713,100455.62245514702,1199341203.288249,1937776379506.4983
2026-05-17 08:17:34.195713,100423.4238679922,1511198556.197344,1854625765923.5857
2026-05-18 08:17:34.195713,97429.23408549243,3421537687.7941723,1882548630122.671
2026-05-19 08:17:34.195713,104688.48361427819,2940771744.8071623,1815838428357.4067
2026-05-20 08:17:34.195713,101814.56077583472,2268004247.8947744,1967938811509.6418
2026-05-21 08:17:34.195713,101555.98758380234,3850277560.4603996,1972884567233.8308
2026-05-22 08:17:34.195713,103508.90346408727,1101849045.1925645,1879161536863.0688
2026-05-23 08:17:34.195713,101894.25330978599,4344938525.315941,1969926692836.1824
2026-05-24 08:17:34.195713,98444.07530503512,3854152736.0350847,1971418905476.9448
2026-05-25 08:17:34.195713,103956.23306101792,3761672446.808052,1956639766690.6096
2026-05-26 08:17:34.195713,99000.83814663358,2723856656.1865926,1861370158666.2917
2026-05-27 08:17:34.195713,101842.05603778384,1254466554.9415357,1981395484834.9346
2026-05-28 08:17:34.195713,97997.16696620427,3780996297.3845367,1944347787501.877
2026-05-29 08:17:34.195713,104340.04221573823,3722250617.984279,1897425396425.6235
2026-05-30 08:17:34.195713,96504.66677320673,2529436726.059303,1984588201526.1
2026-05-31 08:17:34.195713,95640.03542409158,2402145803.1400595,1978164437208.724
2026-06-01 08:17:34.195713,104976.0404566507,3257215334.093186,1949527945448.948
2026-06-02 08:17:34.195713,96656.12209385932,1911382790.9273624,1875502224796.7576
2026-06-03 08:17:34.195713,104879.27712712986,1795455596.043655,1854758467903.0142
2026-06-04 08:17:34.195713,98360.98749024195,2929275332.9011927,1895917734244.2463
2026-06-05 08:17:34.195713,96568.57913912775,4453845828.114468,1801594619997.436
2026-06-06 08:17:34.195713,99440.98405799486,4903131780.152668,1908531727318.766
2026-06-07 08:17:34.195713,104008.87519769835,3718503553.8694158,1847572794187.8667
2026-06-08 08:17:34.195713,102261.92539448937,4680674590.827738,1863469090551.3682
2026-06-09 08:17:34.195713,100710.09109874237,2110015678.7445035,1829601133361.0654
2026-06-10 08:17:34.195713,96247.2849261489,4772883332.253669,1862453011632.4575
2026-06-11 08:17:34.195713,95707.16745605633,2598214098.530875,1822484993201.2925
2026-06-12 08:17:34.195713,96853.24359332088,1203956320.625175,1805344904897.2268
2026-06-13 08:17:34.195713,103594.4343914794,1117095953.1891956,1838241556837.6072
2026-06-14 08:17:34.195713,100463.3663670171,1472428845.4913807,1817299763163.4453
2026-06-15 08:17:34.195713,99812.18256163469,2044636977.5682411,1902175934502.0823
2026-06-16 08:17:34.195713,95523.09905031252,1925349224.1041417,1849470679952.7507
2026-06-17 08:17:34.195713,98248.52745064886,4466306543.160755,1830973065795.4004
2026-06-18 08:17:34.195713,102804.63477895819,1607391768.1580055,1974142219006.4153
2026-06-19 08:17:34.195713,97120.76896165506,4998590572.966285,1868910275007.6592
2026-06-20 08:17:34.195713,98954.17956304371,1664926548.094644,1992365233533.2598
2026-06-21 08:17:34.195713,97275.85082855716,1513376265.6443856,1827990003437.7136
2026-06-22 08:17:34.195713,102682.09314020108,1962061137.1078355,1885371151450.7673
2026-06-23 08:17:34.195713,101838.69182506908,4938293580.468336,1855945024524.5686
2026-06-24 08:17:34.195713,101154.00031869077,4896773781.876092,1955941998963.7004
2026-06-25 08:17:34.195713,102249.81836993429,1817992968.0669544,1920590225039.6045
2026-06-26 08:17:34.195713,97825.84850979915,4307742184.198141,1962647098322.7634
2026-06-27 08:17:34.195713,95827.57728511379,4373328468.254797,1862157698498.375
2026-06-28 08:17:34.195713,101683.26187811159,2776623660.895395,1811665425276.2512
2026-06-29 08:17:34.195713,99503.32224499407,4532709907.3071375,1863661898720.9146
2026-06-30 08:17:34.195713,101482.81010935144,3174029065.638002,1806805918818.6494
2026-07-01 08:17:34.195713,97200.60998387854,1380795974.1701534,1822511841775.4912
2026-07-02 08:17:34.195713,98353.14404308086,2258254086.779128,1867257972270.346
2026-07-03 08:17:34.195713,100787.19398539116,1362194449.6711667,1998593358867.9336
2026-07-04 08:17:34.195713,103197.97049793041,1792166617.2710867,1838245958309.4646
2026-07-05 08:17:34.195713,99135.25608333532,4041700099.443863,1816659816015.9453
2026-07-06 08:17:34.195713,99665.75399476259,3750775956.939911,1868141991189.5334
2026-07-07 08:17:34.195713,100034.49128395888,2458146269.330221,1918104169701.5657
2026-07-08 08:17:34.195713,96026.54207846383,3079761369.7916822,1900454514284.9753
2026-07-09 08:17:34.195713,98761.76286858076,2200353978.9536963,1861759010667.4314
2026-07-10 08:17:34.195713,99834.73552568785,1172564236.1639652,1881204562143.9395
2026-07-11 08:17:34.195713,102103.67011776837,4076317228.9997363,1930719688145.8906
2026-07-12 08:17:34.195713,99668.42650346481,2708396505.430087,1838292187983.9138
2026-07-13 08:17:34.195713,102248.36827110851,1628820188.7581291,1889635218165.7266
2026-07-14 08:17:34.195713,100546.01416460196,1880600501.526206,1957630427540.2056
2026-07-15 08:17:34.195713,97404.05495737352,3489168351.4268827,1895948280848.1814
2026-07-16 08:17:34.195713,96424.65460229559,3084137350.5251617,1809396348220.4568
2026-07-17 08:17:34.195713,101010.67859258792,3864646399.6731706,1955008063850.3315
2026-07-18 08:17:34.195713,100563.46616474488,4669050551.145976,1867904555887.1453
2026-07-19 08:17:34.195713,102074.94557557783,1287040298.915025,1889897489163.0889
2026-07-20 08:17:34.195713,99124.90459877378,4063111363.9965944,1973469663275.586
2026-07-21 08:17:34.195713,95355.18648698142,3995815525.3352923,1852700164365.6382
2026-07-22 08:17:34.195713,97482.01278992697,1172781226.6119728,1948354633293.8367
2026-07-23 08:17:34.195713,96192.84022619906,4278254881.0288296,1842603292342.912
2026-07-24 08:17:34.195713,102320.07288063841,1883096813.2240584,1961348485584.2695
2026-07-25 08:17:34.195713,103041.45395075933,3118828829.4618154,1974122775900.7197
2026-07-26 08:17:34.195713,95512.83372728484,3023689747.4927144,1859892355636.043
2026-07-27 08:17:34.195713,102440.04731203384,1879333657.4353375,1910874515150.9446
2026-07-28 08:17:34.195713,99235.63531793987,3239318434.985046,1858890809517.5671
2026-07-29 08:17:34.195713,100511.95511101017,4413481415.740746,1918042250855.3352
2026-07-30 08:17:34.195713,97459.07851707074,4003687044.836515,1861520518644.7017
2026-07-31 08:17:34.195713,99953.0495351889,2702433897.321602,1953617134117.644
2026-08-01 08:17:34.195713,104284.68187634963,1125198953.18521,1868316205484.383
2026-08-02 08:17:34.195713,103570.00724565439,4443402404.069992,1900436375973.9646
2026-08-03 08:17:34.195713,104830.48360003911,4550888858.884239,1834487335980.462
2026-08-04 08:17:34.195713,103827.4351925717,1511065673.3587394,1911574289990.0776
2026-08-05 08:17:34.195713,102172.25420500686,2660762559.204332,1987781995047.2476
2026-08-06 08:17:34.195713,99547.08291890202,3407425537.779674,1829315951764.3774
2026-08-07 08:17:34.195713,100129.12792934153,4235865807.8668847,1908780129432.6897
2026-08-08 08:17:34.195713,103178.75071380212,2290533134.600154,1890966672496.8892
2026-08-09 08:17:34.195713,104241.08431294645,2018023049.2944632,1922189698074.6255
2026-08-10 08:17:34.195713,102667.57198500275,4647732283.969375,1881261001524.5022
2026-08-11 08:17:34.195713,103996.67203001292,2480306646.6941004,1805814869727.8105
2026-08-12 08:17:34.195713,100903.74528131186,2475553119.3978734,1960784015480.1448
2026-08-13 08:17:34.195713,98061.0651396107,3312563301.415388,1978595323651.6643
2026-08-14 08:17:34.195713,96480.06195048486,2581644582.29751,1955103481306.3972
2026-08-15 08:17:34.195713,96132.51623528409,4996709473.869395,1992395403603.0344
2026-08-16 08:17:34.195713,99741.83132383089,1475305391.9698548,1891879624589.5654
2026-08-17 08:17:34.195713,96671.25288110667,1679699416.4806213,1835463161507.206
2026-08-18 08:17:34.195713,104989.37094783047,2358492606.4934473,1856837153321.2273
2026-08-19 08:17:34.195713,100086.98945857777,4757753718.057962,1894892609899.9607
2026-08-20 08:17:34.195713,95351.4565940179,4924585276.6097145,1993618966276.1768
2026-08-21 08:17:34.195713,99295.32456289114,3075777551.876065,1970854865926.408
2026-08-22 08:17:34.195713,98607.5997744773,3263615347.125858,1810463351635.9207
2026-08-23 08:17:34.195713,97071.33849290834,1567857548.6012027,1869226683432.2307
2026-08-24 08:17:34.195713,95956.94066099093,1833335835.393217,1908448205837.6934
2026-08-25 08:17:34.195713,102048.73752214058,1165657218.7435846,1872737227453.5002
2026-08-26 08:17:34.195713,104351.81313656778,1984673351.553131,1818613731708.9177
2026-08-27 08:17:34.195713,104374.30070388151,3876962300.284166,1817869939902.9707
2026-08-28 08:17:34.195713,95917.87156409111,4218576154.9497085,1888389762994.1785
2026-08-29 08:17:34.195713,104179.03791665615,1675390612.4278865,1958943694606.3936
2026-08-30 08:17:34.195713,98490.26609312625,4975873397.966364,1939627857060.504
2026-08-31 08:17:34.195713,101823.67643945396,2111484049.5962732,1939093370107.436
2026-09-01 08:17:34.195713,100393.78083212467,1408627719.0725775,1869943255205.174
2026-09-02 08:17:34.195713,97729.96636854643,4893898317.42881,1970776735734.7786
2026-09-03 08:17:34.195713,95488.5992619197,1849880975.9104328,1808030106374.2493
2026-09-04 08:17:34.195713,102789.15148210728,2986338084.2832003,1876995972211.463
2026-09-05 08:17:34.195713,104239.91967760745,3066727232.3602276,1953887235690.4753
2026-09-06 08:17:34.195713,101669.33116953005,3902611666.8812814,1965629508212.5264
2026-09-07 08:17:34.195713,100313.22985517434,3060454740.6678643,1924656421938.603
2026-09-08 08:17:34.195713,104590.63703428103,2419425694.3198004,1945786719031.931
2026-09-09 08:17:34.195713,101735.41153814268,2799630506.3187017,1890364710779.043
2026-09-10 08:17:34.195713,98480.16758867652,2459001715.320696,1913456072170.8398
2026-09-11 08:17:34.195713,102894.48937450787,2868256561.2122555,1932661101796.5435
2026-09-12 08:17:34.195713,101020.39461981645,3874852886.8652115,1802910846236.1816
2026-09-13 08:17:34.195713,99207.24258789387,3253715786.958757,1870419564506.805
2026-09-14 08:17:34.195713,104580.99296690054,3661990364.4463496,1806998761572.9517
2026-09-15 08:17:34.195713,99583.61582116499,3194454495.66597,1805979479330.4304
2026-09-16 08:17:34.195713,101786.43335431053,1033000943.234287,1863421930223.2793
2026-09-17 08:17:34.195713,104610.11407719221,2109951723.539416,1850496999223.174
2026-09-18 08:17:34.195713,102145.70288202108,1103033447.5815415,1916536274156.5996
2026-09-19 08:17:34.195713,102008.90567665668,1316983909.1164865,1919080032755.249
2026-09-20 08:17:34.195713,103457.6137460438,1289819567.436847,1894330643942.1907
2026-09-21 08:17:34.195713,99287.34164810981,1833463216.8624618,1806623337864.6313
2026-09-22 08:17:34.195713,101054.52836218147,1105695655.108494,1902468054544.9653
2026-09-23 08:17:34.195713,98943.58099911535,2882800807.4707937,1808691275982.3938
2026-09-24 08:17:34.195713,96100.27523334698,1844616970.235454,1823506121366.2944
2026-09-25 08:17:34.195713,100573.8471533038,4093525040.9845424,1892044923666.5964
2026-09-26 08:17:34.195713,96444.06350161816,2124652538.9590988,1811791577437.6038
2026-09-27 08:17:34.195713,101236.16282607177,2133884445.195148,1812095532299.8857
2026-09-28 08:17:34.195713,98687.66673344126,1740763541.8095732,1941250110805.441
2026-09-29 08:17:34.195713,101436.7918116659,4335390492.013015,1840944668017.2607
2026-09-30 08:17:34.195713,99445.49150992335,3604924170.227994,1988358033953.406
2026-10-01 08:17:34.195713,95447.65609050378,4805062099.665187,1891325421392.9724
2026-10-02 08:17:34.195713,98510.13303412769,2257841567.882098,1824382240738.958
2026-10-03 08:17:34.195713,102900.16840959917,3864712555.52318,1934445134115.3425
2026-10-04 08:17:34.195713,99648.66004193365,2671567562.43929,1870686801504.2598
2026-10-05 08:17:34.195713,97051.45045790772,2063761032.9803038,1890103622242.6318
2026-10-06 08:17:34.195713,96157.68301617101,1486084924.2199588,1893681499727.5244
2026-10-07 08:17:34.195713,103186.77998954634,2623241749.6081657,1961489724666.4226
